[
  {
    "company": "Chatterbridge",
    "position": "Software Engineer III",
    "jobStatus": "pending",
    "jobType": "internship",
    "jobLocation": "Babakan",
    "createdAt": "12/27/2023"
  },
  {
    "company": "Devpulse",
    "position": "Staff Scientist",
    "jobStatus": "pending",
    "jobType": "internship",
    "jobLocation": "Jeju-si",
    "createdAt": "12/13/2023"
  },
  {
    "company": "Skajo",
    "position": "Occupational Therapist",
    "jobStatus": "interview",
    "jobType": "internship",
    "jobLocation": "Bāqim as Sūq",
    "createdAt": "12/21/2023"
  },
  {
    "company": "Dynabox",
    "position": "Operator",
    "jobStatus": "pending",
    "jobType": "full-time",
    "jobLocation": "Tumpukrenteng",
    "createdAt": "3/3/2024"
  },
  {
    "company": "Edgewire",
    "position": "Community Outreach Specialist",
    "jobStatus": "declined",
    "jobType": "full-time",
    "jobLocation": "Gayle",
    "createdAt": "7/3/2023"
  },
  {
    "company": "Gigashots",
    "position": "Project Manager",
    "jobStatus": "declined",
    "jobType": "part-time",
    "jobLocation": "Basel",
    "createdAt": "12/9/2023"
  },
  {
    "company": "Dabjam",
    "position": "Automation Specialist IV",
    "jobStatus": "interview",
    "jobType": "full-time",
    "jobLocation": "Karlskoga",
    "createdAt": "8/5/2023"
  },
  {
    "company": "Jabberbean",
    "position": "Mechanical Systems Engineer",
    "jobStatus": "declined",
    "jobType": "full-time",
    "jobLocation": "Elekmonar",
    "createdAt": "4/18/2023"
  },
  {
    "company": "Jabbertype",
    "position": "Geologist IV",
    "jobStatus": "interview",
    "jobType": "part-time",
    "jobLocation": "Guzhen",
    "createdAt": "6/3/2023"
  },
  {
    "company": "Quatz",
    "position": "Professor",
    "jobStatus": "declined",
    "jobType": "part-time",
    "jobLocation": "Tandayag",
    "createdAt": "4/6/2023"
  },
  {
    "company": "Meevee",
    "position": "Research Associate",
    "jobStatus": "declined",
    "jobType": "full-time",
    "jobLocation": "Astromil",
    "createdAt": "3/22/2023"
  },
  {
    "company": "Topiczoom",
    "position": "Chief Design Engineer",
    "jobStatus": "interview",
    "jobType": "full-time",
    "jobLocation": "Governador Valadares",
    "createdAt": "7/2/2023"
  },
  {
    "company": "Devpulse",
    "position": "Business Systems Development Analyst",
    "jobStatus": "interview",
    "jobType": "internship",
    "jobLocation": "Alofi",
    "createdAt": "6/14/2023"
  },
  {
    "company": "Cogilith",
    "position": "Database Administrator I",
    "jobStatus": "declined",
    "jobType": "part-time",
    "jobLocation": "Lyon",
    "createdAt": "11/28/2023"
  },
  {
    "company": "Ozu",
    "position": "Financial Advisor",
    "jobStatus": "pending",
    "jobType": "part-time",
    "jobLocation": "Nelahozeves",
    "createdAt": "4/1/2023"
  },
  {
    "company": "Browseblab",
    "position": "Research Nurse",
    "jobStatus": "declined",
    "jobType": "full-time",
    "jobLocation": "Offenbach",
    "createdAt": "2/29/2024"
  },
  {
    "company": "Flashset",
    "position": "Safety Technician IV",
    "jobStatus": "interview",
    "jobType": "part-time",
    "jobLocation": "San Ramon",
    "createdAt": "5/2/2023"
  },
  {
    "company": "Lajo",
    "position": "Technical Writer",
    "jobStatus": "declined",
    "jobType": "part-time",
    "jobLocation": "Winterthur",
    "createdAt": "8/7/2023"
  },
  {
    "company": "Oozz",
    "position": "Senior Quality Engineer",
    "jobStatus": "interview",
    "jobType": "part-time",
    "jobLocation": "Jiasi",
    "createdAt": "11/27/2023"
  },
  {
    "company": "Trilith",
    "position": "VP Quality Control",
    "jobStatus": "pending",
    "jobType": "part-time",
    "jobLocation": "Bajingmeduro",
    "createdAt": "6/16/2023"
  },
  {
    "company": "Buzzbean",
    "position": "Software Engineer IV",
    "jobStatus": "declined",
    "jobType": "internship",
    "jobLocation": "Bình Thủy",
    "createdAt": "11/4/2023"
  },
  {
    "company": "Browseblab",
    "position": "General Manager",
    "jobStatus": "declined",
    "jobType": "internship",
    "jobLocation": "Haiphong",
    "createdAt": "6/14/2023"
  },
  {
    "company": "Yacero",
    "position": "Assistant Manager",
    "jobStatus": "pending",
    "jobType": "internship",
    "jobLocation": "Chonogol",
    "createdAt": "5/21/2023"
  },
  {
    "company": "Kanoodle",
    "position": "Assistant Manager",
    "jobStatus": "pending",
    "jobType": "internship",
    "jobLocation": "Huertas",
    "createdAt": "7/29/2023"
  },
  {
    "company": "Shuffletag",
    "position": "Pharmacist",
    "jobStatus": "declined",
    "jobType": "full-time",
    "jobLocation": "Nova Lima",
    "createdAt": "3/25/2023"
  },
  {
    "company": "Fivebridge",
    "position": "Web Developer IV",
    "jobStatus": "pending",
    "jobType": "full-time",
    "jobLocation": "Terang",
    "createdAt": "7/1/2023"
  },
  {
    "company": "Centidel",
    "position": "Chief Design Engineer",
    "jobStatus": "interview",
    "jobType": "full-time",
    "jobLocation": "Mauren",
    "createdAt": "9/11/2023"
  },
  {
    "company": "Yotz",
    "position": "Executive Secretary",
    "jobStatus": "declined",
    "jobType": "internship",
    "jobLocation": "Namangan Shahri",
    "createdAt": "6/18/2023"
  },
  {
    "company": "Eimbee",
    "position": "Budget/Accounting Analyst I",
    "jobStatus": "pending",
    "jobType": "internship",
    "jobLocation": "Charxin",
    "createdAt": "7/7/2023"
  },
  {
    "company": "Eire",
    "position": "Accounting Assistant IV",
    "jobStatus": "declined",
    "jobType": "internship",
    "jobLocation": "Kedungsinggil",
    "createdAt": "7/26/2023"
  },
  {
    "company": "Npath",
    "position": "Registered Nurse",
    "jobStatus": "interview",
    "jobType": "part-time",
    "jobLocation": "Aubergenville",
    "createdAt": "12/13/2023"
  },
  {
    "company": "Edgeclub",
    "position": "Internal Auditor",
    "jobStatus": "interview",
    "jobType": "part-time",
    "jobLocation": "Dhībīn",
    "createdAt": "11/26/2023"
  },
  {
    "company": "Yozio",
    "position": "Safety Technician II",
    "jobStatus": "declined",
    "jobType": "part-time",
    "jobLocation": "Şabrātah",
    "createdAt": "8/2/2023"
  },
  {
    "company": "Livetube",
    "position": "Dental Hygienist",
    "jobStatus": "declined",
    "jobType": "full-time",
    "jobLocation": "Tegalrejo",
    "createdAt": "2/21/2024"
  },
  {
    "company": "Leenti",
    "position": "Assistant Manager",
    "jobStatus": "pending",
    "jobType": "internship",
    "jobLocation": "Senta",
    "createdAt": "3/26/2023"
  },
  {
    "company": "Katz",
    "position": "Senior Developer",
    "jobStatus": "interview",
    "jobType": "internship",
    "jobLocation": "Libas",
    "createdAt": "10/6/2023"
  },
  {
    "company": "Geba",
    "position": "Legal Assistant",
    "jobStatus": "pending",
    "jobType": "internship",
    "jobLocation": "Soloma",
    "createdAt": "1/29/2024"
  },
  {
    "company": "Vitz",
    "position": "Automation Specialist I",
    "jobStatus": "pending",
    "jobType": "part-time",
    "jobLocation": "Maswa",
    "createdAt": "3/16/2024"
  },
  {
    "company": "Wikizz",
    "position": "Nurse Practicioner",
    "jobStatus": "declined",
    "jobType": "full-time",
    "jobLocation": "Xiangshan",
    "createdAt": "4/16/2023"
  },
  {
    "company": "Edgepulse",
    "position": "Biostatistician III",
    "jobStatus": "pending",
    "jobType": "full-time",
    "jobLocation": "Ténenkou",
    "createdAt": "5/4/2023"
  },
  {
    "company": "Realfire",
    "position": "Database Administrator I",
    "jobStatus": "pending",
    "jobType": "internship",
    "jobLocation": "Ilongero",
    "createdAt": "8/17/2023"
  },
  {
    "company": "Rhyloo",
    "position": "Staff Scientist",
    "jobStatus": "declined",
    "jobType": "internship",
    "jobLocation": "Cawayan",
    "createdAt": "12/5/2023"
  },
  {
    "company": "Youfeed",
    "position": "Registered Nurse",
    "jobStatus": "pending",
    "jobType": "part-time",
    "jobLocation": "Ujungpangkah",
    "createdAt": "11/30/2023"
  },
  {
    "company": "Dabshots",
    "position": "Safety Technician III",
    "jobStatus": "pending",
    "jobType": "internship",
    "jobLocation": "Kōnosu",
    "createdAt": "2/16/2024"
  },
  {
    "company": "Livetube",
    "position": "Research Assistant III",
    "jobStatus": "declined",
    "jobType": "full-time",
    "jobLocation": "Banjar Banyualit",
    "createdAt": "3/23/2023"
  },
  {
    "company": "Divape",
    "position": "Staff Scientist",
    "jobStatus": "pending",
    "jobType": "part-time",
    "jobLocation": "Basyūn",
    "createdAt": "6/4/2023"
  },
  {
    "company": "Einti",
    "position": "Account Representative IV",
    "jobStatus": "declined",
    "jobType": "full-time",
    "jobLocation": "Nozdrzec",
    "createdAt": "7/20/2023"
  },
  {
    "company": "Yadel",
    "position": "Project Manager",
    "jobStatus": "pending",
    "jobType": "full-time",
    "jobLocation": "Charikar",
    "createdAt": "5/27/2023"
  },
  {
    "company": "Eabox",
    "position": "Media Manager II",
    "jobStatus": "pending",
    "jobType": "part-time",
    "jobLocation": "Calatrava",
    "createdAt": "11/18/2023"
  },
  {
    "company": "Jetwire",
    "position": "Director of Sales",
    "jobStatus": "interview",
    "jobType": "internship",
    "jobLocation": "Chunshui",
    "createdAt": "1/8/2024"
  },
  {
    "company": "Feedfish",
    "position": "Assistant Professor",
    "jobStatus": "declined",
    "jobType": "full-time",
    "jobLocation": "Diré",
    "createdAt": "1/26/2024"
  },
  {
    "company": "Edgeclub",
    "position": "Computer Systems Analyst II",
    "jobStatus": "declined",
    "jobType": "part-time",
    "jobLocation": "Iraray",
    "createdAt": "8/20/2023"
  },
  {
    "company": "Linkbuzz",
    "position": "Senior Financial Analyst",
    "jobStatus": "pending",
    "jobType": "internship",
    "jobLocation": "Míthymna",
    "createdAt": "3/16/2024"
  },
  {
    "company": "Twitterworks",
    "position": "Nurse",
    "jobStatus": "interview",
    "jobType": "internship",
    "jobLocation": "Talalayivka",
    "createdAt": "12/25/2023"
  },
  {
    "company": "Photobug",
    "position": "Financial Analyst",
    "jobStatus": "pending",
    "jobType": "internship",
    "jobLocation": "Pak Phanang",
    "createdAt": "10/1/2023"
  },
  {
    "company": "Rooxo",
    "position": "Product Engineer",
    "jobStatus": "pending",
    "jobType": "internship",
    "jobLocation": "Fāryāb",
    "createdAt": "12/26/2023"
  },
  {
    "company": "Quaxo",
    "position": "Research Associate",
    "jobStatus": "interview",
    "jobType": "full-time",
    "jobLocation": "Wobulenzi",
    "createdAt": "12/28/2023"
  },
  {
    "company": "Voonder",
    "position": "Nuclear Power Engineer",
    "jobStatus": "pending",
    "jobType": "part-time",
    "jobLocation": "Avellaneda",
    "createdAt": "10/5/2023"
  },
  {
    "company": "Topicstorm",
    "position": "Internal Auditor",
    "jobStatus": "interview",
    "jobType": "internship",
    "jobLocation": "La Roche-sur-Yon",
    "createdAt": "1/21/2024"
  },
  {
    "company": "Voomm",
    "position": "Research Associate",
    "jobStatus": "declined",
    "jobType": "full-time",
    "jobLocation": "Bondoufle",
    "createdAt": "11/10/2023"
  },
  {
    "company": "Plajo",
    "position": "Information Systems Manager",
    "jobStatus": "declined",
    "jobType": "full-time",
    "jobLocation": "Višnjevac",
    "createdAt": "5/12/2023"
  },
  {
    "company": "Gigazoom",
    "position": "Director of Sales",
    "jobStatus": "pending",
    "jobType": "internship",
    "jobLocation": "Chikwawa",
    "createdAt": "3/10/2024"
  },
  {
    "company": "Skiptube",
    "position": "Nurse",
    "jobStatus": "pending",
    "jobType": "part-time",
    "jobLocation": "Évry",
    "createdAt": "10/15/2023"
  },
  {
    "company": "Feedmix",
    "position": "Environmental Tech",
    "jobStatus": "declined",
    "jobType": "full-time",
    "jobLocation": "Shihuang",
    "createdAt": "11/17/2023"
  },
  {
    "company": "Dazzlesphere",
    "position": "Analyst Programmer",
    "jobStatus": "pending",
    "jobType": "internship",
    "jobLocation": "Xi’an",
    "createdAt": "7/2/2023"
  },
  {
    "company": "Dablist",
    "position": "Account Executive",
    "jobStatus": "interview",
    "jobType": "internship",
    "jobLocation": "Tunis",
    "createdAt": "5/17/2023"
  },
  {
    "company": "Twinder",
    "position": "Nurse Practicioner",
    "jobStatus": "pending",
    "jobType": "full-time",
    "jobLocation": "Xiongguan",
    "createdAt": "4/20/2023"
  },
  {
    "company": "Katz",
    "position": "Mechanical Systems Engineer",
    "jobStatus": "pending",
    "jobType": "internship",
    "jobLocation": "Cevicos",
    "createdAt": "5/27/2023"
  },
  {
    "company": "BlogXS",
    "position": "Data Coordinator",
    "jobStatus": "interview",
    "jobType": "part-time",
    "jobLocation": "Chixi",
    "createdAt": "8/1/2023"
  },
  {
    "company": "Tavu",
    "position": "Registered Nurse",
    "jobStatus": "interview",
    "jobType": "full-time",
    "jobLocation": "Xhafzotaj",
    "createdAt": "9/18/2023"
  },
  {
    "company": "Kwimbee",
    "position": "Human Resources Assistant IV",
    "jobStatus": "declined",
    "jobType": "part-time",
    "jobLocation": "Augustów",
    "createdAt": "5/18/2023"
  },
  {
    "company": "Thoughtbridge",
    "position": "Budget/Accounting Analyst IV",
    "jobStatus": "pending",
    "jobType": "part-time",
    "jobLocation": "Nanto-shi",
    "createdAt": "10/28/2023"
  },
  {
    "company": "Devshare",
    "position": "Chief Design Engineer",
    "jobStatus": "interview",
    "jobType": "part-time",
    "jobLocation": "Youyun",
    "createdAt": "10/4/2023"
  },
  {
    "company": "Oyoba",
    "position": "Chief Design Engineer",
    "jobStatus": "pending",
    "jobType": "part-time",
    "jobLocation": "Kedungdoro",
    "createdAt": "5/27/2023"
  },
  {
    "company": "Edgetag",
    "position": "Business Systems Development Analyst",
    "jobStatus": "pending",
    "jobType": "part-time",
    "jobLocation": "Jinhe",
    "createdAt": "6/18/2023"
  },
  {
    "company": "Kaymbo",
    "position": "Compensation Analyst",
    "jobStatus": "interview",
    "jobType": "internship",
    "jobLocation": "Shahr-e Bābak",
    "createdAt": "11/8/2023"
  },
  {
    "company": "Eare",
    "position": "Associate Professor",
    "jobStatus": "interview",
    "jobType": "part-time",
    "jobLocation": "Inuvik",
    "createdAt": "3/13/2024"
  },
  {
    "company": "Jabbersphere",
    "position": "Biostatistician IV",
    "jobStatus": "pending",
    "jobType": "part-time",
    "jobLocation": "Vasyl'evsky Ostrov",
    "createdAt": "12/2/2023"
  },
  {
    "company": "Voonte",
    "position": "Nurse Practicioner",
    "jobStatus": "interview",
    "jobType": "part-time",
    "jobLocation": "Puncakbaru",
    "createdAt": "7/25/2023"
  },
  {
    "company": "Eire",
    "position": "Office Assistant IV",
    "jobStatus": "pending",
    "jobType": "full-time",
    "jobLocation": "Boncis",
    "createdAt": "3/6/2024"
  },
  {
    "company": "Voonyx",
    "position": "Electrical Engineer",
    "jobStatus": "pending",
    "jobType": "full-time",
    "jobLocation": "Akita Shi",
    "createdAt": "5/22/2023"
  },
  {
    "company": "Wordware",
    "position": "Health Coach II",
    "jobStatus": "pending",
    "jobType": "internship",
    "jobLocation": "Molodohvardiys’k",
    "createdAt": "12/19/2023"
  },
  {
    "company": "Linklinks",
    "position": "VP Product Management",
    "jobStatus": "interview",
    "jobType": "part-time",
    "jobLocation": "Shuitou",
    "createdAt": "5/29/2023"
  },
  {
    "company": "Skynoodle",
    "position": "Geological Engineer",
    "jobStatus": "pending",
    "jobType": "part-time",
    "jobLocation": "Djibouti",
    "createdAt": "7/28/2023"
  },
  {
    "company": "Kazio",
    "position": "Programmer Analyst I",
    "jobStatus": "declined",
    "jobType": "part-time",
    "jobLocation": "Nakhon Phanom",
    "createdAt": "6/15/2023"
  },
  {
    "company": "Flipopia",
    "position": "Social Worker",
    "jobStatus": "interview",
    "jobType": "part-time",
    "jobLocation": "Quince Mil",
    "createdAt": "9/6/2023"
  },
  {
    "company": "Brainverse",
    "position": "Internal Auditor",
    "jobStatus": "interview",
    "jobType": "internship",
    "jobLocation": "Frontignan",
    "createdAt": "10/25/2023"
  },
  {
    "company": "Mymm",
    "position": "Marketing Assistant",
    "jobStatus": "interview",
    "jobType": "part-time",
    "jobLocation": "Oslo",
    "createdAt": "8/13/2023"
  },
  {
    "company": "Camido",
    "position": "Chief Design Engineer",
    "jobStatus": "declined",
    "jobType": "internship",
    "jobLocation": "Xietang",
    "createdAt": "4/12/2023"
  },
  {
    "company": "Meemm",
    "position": "General Manager",
    "jobStatus": "interview",
    "jobType": "full-time",
    "jobLocation": "Jiangshan",
    "createdAt": "8/26/2023"
  },
  {
    "company": "Tekfly",
    "position": "Clinical Specialist",
    "jobStatus": "pending",
    "jobType": "full-time",
    "jobLocation": "San José de La Montaña",
    "createdAt": "2/15/2024"
  },
  {
    "company": "Midel",
    "position": "Paralegal",
    "jobStatus": "pending",
    "jobType": "internship",
    "jobLocation": "Tlogowetan",
    "createdAt": "9/29/2023"
  },
  {
    "company": "Edgeify",
    "position": "Payment Adjustment Coordinator",
    "jobStatus": "declined",
    "jobType": "full-time",
    "jobLocation": "Yanagawa",
    "createdAt": "1/12/2024"
  },
  {
    "company": "Trudeo",
    "position": "Mechanical Systems Engineer",
    "jobStatus": "pending",
    "jobType": "part-time",
    "jobLocation": "Buyende",
    "createdAt": "7/15/2023"
  },
  {
    "company": "Lajo",
    "position": "Cost Accountant",
    "jobStatus": "interview",
    "jobType": "internship",
    "jobLocation": "Teroual",
    "createdAt": "10/22/2023"
  },
  {
    "company": "Kwideo",
    "position": "Actuary",
    "jobStatus": "interview",
    "jobType": "internship",
    "jobLocation": "Smolenka",
    "createdAt": "4/12/2023"
  },
  {
    "company": "Brainverse",
    "position": "Technical Writer",
    "jobStatus": "pending",
    "jobType": "full-time",
    "jobLocation": "Taraban Timur",
    "createdAt": "12/16/2023"
  },
  {
    "company": "Ooba",
    "position": "Financial Advisor",
    "jobStatus": "declined",
    "jobType": "full-time",
    "jobLocation": "Guangfu",
    "createdAt": "9/2/2023"
  },
  {
    "company": "Feedbug",
    "position": "Registered Nurse",
    "jobStatus": "interview",
    "jobType": "internship",
    "jobLocation": "Rayevskaya",
    "createdAt": "8/24/2023"
  },
  {
    "company": "Minyx",
    "position": "Accounting Assistant III",
    "jobStatus": "declined",
    "jobType": "internship",
    "jobLocation": "Casal Novo",
    "createdAt": "6/4/2023"
  }
]
